{"cameraMode":{"drawMode":0,"name":"Shaded","section":"Shading Mode"},"sceneLighting":false,"audioPlay":false,"sceneViewState":{"showFog":true,"showMaterialUpdate":false,"showSkybox":false,"showFlares":true,"showImageEffects":true,"showParticleSystems":true},"in2DMode":false,"pivot":{"x":-0.3218749761581421,"y":0.4796004295349121,"z":-2.253124952316284},"rotation":{"x":0.26545920968055727,"y":-0.6140832304954529,"z":0.23072028160095216,"w":0.7065435647964478},"size":3.139052152633667,"orthographic":false}