{"cameraMode":{"drawMode":0,"name":"Shaded","section":"Shading Mode"},"sceneLighting":false,"audioPlay":false,"sceneViewState":{"showFog":true,"showMaterialUpdate":false,"showSkybox":false,"showFlares":true,"showImageEffects":true,"showParticleSystems":true},"in2DMode":false,"pivot":{"x":2.2553064823150636,"y":0.3109695315361023,"z":2.253838300704956},"rotation":{"x":-0.4169379770755768,"y":-0.06888743489980698,"z":0.03170959651470184,"w":-0.9057706594467163},"size":1.7420692443847657,"orthographic":false}