{"cameraMode":{"drawMode":0,"name":"Shaded","section":"Shading Mode"},"sceneLighting":false,"audioPlay":false,"sceneViewState":{"showFog":true,"showMaterialUpdate":false,"showSkybox":false,"showFlares":true,"showImageEffects":true,"showParticleSystems":true},"in2DMode":false,"pivot":{"x":-0.31945759057998659,"y":0.4794507324695587,"z":2.2505245208740236},"rotation":{"x":0.26545920968055727,"y":-0.6140832304954529,"z":0.23072028160095216,"w":0.7065435647964478},"size":2.126154899597168,"orthographic":false}